"id","name","phone","avatar","email","id","email","phone_number","residence"
"2","Brenda K.","254705000000","","owner@example.com","","","",""
"3","🏹🎯","254704000000","","","","","",""
"81","Diana Rodriguez","254749000000","","","","","",""
"39","Alice Williams","254773000000","","","","","",""
"9","Carlos Miller","254711000000","","","","","",""
"48","Frank Brown","254719000000","","","","","",""
"34","Grace Rodriguez","254784000000","","","","","",""
"126","Grace Rodriguez","254722000000","","","","","",""
"95","Frank Miller","254742000000","","","","","",""
"67","Jane Davis","254767000000","","","","","",""
"106","Alice Johnson","254753000000","","","","","",""
"107","Diana Miller","254733000000","","","","","",""
"30","Eve Smith","254768000000","","","","","",""
"242","Grace Garcia","254721000000","","","","","",""
"168","Jane Jones","254741000000","","","","","",""
"45","Henry Johnson","254771000000","","","","","",""
"66","Eve Jones","254739000000","","","","","",""
"31","Frank Williams","254734000000","","","","","",""
"87","John Miller","254712000000","","","","","",""
"72","Henry Davis","254751000000","","","","","",""
"43","Diana Garcia","254720000000","","","","","",""
"342","Jane Brown","254787000000","","","","","",""
"125","Jane Rodriguez","254740000000","","","","","",""
"112","John Rodriguez","254769000000","","","","","",""
"14","Bob Garcia","254747000000","","","","","",""
"153","Jane Brown","254750000000","","","","","",""
"137","Eve Williams","254723000000","","","","","",""
"41","Henry Rodriguez","254732000000","","","","","",""
"181","Carlos Martinez","254796000000","","","","","",""
"23","Henry Davis","254757000000","","","","","",""
"102","Carlos Miller","254745000000","","","","","",""
"71","Grace Brown","254717000000","","","","","",""
"200","Jane Davis","254775000000","","","","","",""
"11","Alice Johnson","254783000000","","","","","",""
"230","Alice Brown","254777000000","","","","","",""
"127","Diana Williams","254710000000","","","","","",""
"17","Carlos Johnson","254744000000","","","","","",""
"365","Bob Jones","254738000000","","","","","",""
"104","Jane Davis","254754000000","","","","","",""
"92","Diana Martinez","254755000000","","","","","",""
"33","Jane Miller","254785000000","","","","","",""
"83","Frank Rodriguez","254760000000","","","","","",""
"141","Jane Garcia","254718000000","","","","","",""
"10","Grace Davis","254778000000","","","","","",""
"1","kenneth","254716000000","https://convoconnect.net/uploads/media/ITNWCt1DWrhDK6CWfNCGzuk84CKCT9hRuya1hZA5.png","kenmwaura90@gmail.com","","","",""
"161","Alice Williams","254713000000","","","","","",""
"165","Alice Williams","254731000000","","","","","",""
"20","Frank Miller","254715000000","","","","","",""
"69","Carlos Williams","254727000000","","","","","",""
"21","Alice Jones","254795000000","","","","","",""
"68","Frank Johnson","254729000000","","","","","",""
"6","Grace Miller","254736000000","","","","","",""
"229","Jane Brown","254772000000","","","","","",""
"32","Carlos Smith","254735000000","","","","","",""
"22","Carlos Martinez","254743000000","","","","","",""
"60","Grace Davis","254724000000","","","","","",""
"38","Frank Garcia","254730000000","","","","","",""
"4","Bob Smith","254758000000","","","","","",""
"206","John Davis","254726000000","","","","","",""
"26","Jane Miller","254763000000","","","","","",""
"50","Eve Jones","254782000000","","","","","",""
"217","John Davis","254790000000","","","","","",""
"58","Grace Jones","254746000000","","","","","",""
"78","Grace Smith","254793000000","","","","","",""
"5","Grace Martinez","254762000000","","","","","",""
"16","Grace Jones","254781000000","","","","","",""
"119","Alice Davis","254764000000","","","","","",""
"24","John Miller","254779000000","","","","","",""
"61","Alice Smith","254725000000","","","","","",""
"8","Grace Garcia","254780000000","","","","","",""
"441","Eve Miller","254761000000","","","","","",""
"44","Frank Miller","254800000000","","","","","",""
"13","Alice Martinez","254714000000","","","","","",""
"93","Alice Smith","254756000000","","","","","",""
"15","Jane Rodriguez","254788000000","","","","","",""
"18","Frank Miller","254797000000","","","","","",""
"37","Alice Rodriguez","254792000000","","","","","",""
"7","Jane Miller","254737000000","","","","","",""
"231","Diana Brown","254765000000","","","","","",""
"267","Grace Brown","254776000000","","","","","",""
"155","Eve Smith","254789000000","","","","","",""
"254","Diana Davis","254791000000","","","","","",""
"29","Bob Martinez","254766000000","","","","","",""
"27","Diana Brown","254752000000","","","","","",""
"88","Alice Miller","254759000000","","","","","",""
"207","Eve Smith","254748000000","","","","","",""
"491","Eve Davis","254770000000","","","","","",""
"12","John Garcia","254774000000","","","","","",""
"111","Bob Williams","254794000000","","","","","",""
"235","Eve Williams","254728000000","","","","","",""
"197","Frank Jones","254786000000","","","","","",""
"36","Bob Davis","254799000000","","","","","",""
"40","John Garcia","254798000000","","","","","",""
